type ,value,source
hash_sha1,5a87d68716cf9d99ec90835d623559bead2a76d3,public
hash_sha1,b65a8f02bcc425e9f43f44c4062e57a7ed0bb4ac,public
hash_sha1,a134cb5a9c3187c7e2419ce5981bc8365cfbb1d7,public
hash_sha1,edca8792f335b64b6929ef08b5d9bf812cc9ce77,public
hash_sha1,88a1b7b4dfe55bfcf33ee73520506596c3b11f05,public
hash_sha1,cefb886c65d58dec552d217bf2e6bbfff900a067,public
hash_sha1,ec85986413119e60684a99f3100c9d481cfdf08c,public
hash_sha1,287a71e7df97b6c1cc10d51a4c18f8a1ce23cba0,public
hash_sha1,48932e2c66fb9fd103cdd2a4c0bfb77483061511,public
hash_sha1,5ce815ae8dfdb07fb5ebbc50643410e5f63daa2a,public
hash_sha1,caf629df8ec99ba641873e887a9d3e17bb2e040c,public
hash_sha1,7c1454a3907079182ce7441def94f21e7e3fb554,public
hash_sha1,967bcd5cf05a814b9e14895183fe1e00fe06c8fd,public
hash_sha1,c7d64660cd39ab9ae3a57cb2c9bbf7a89cf559c7,public
hash_sha1,2ad5fdb982e406b6817225f0a4edf30262a8ed3a,public
hash_sha1,cb81069ef7b290660f9f640a56cfab33bd5764df,public
hash_sha1,4c65f7bf4974a2892e2867dad270777cc1b1f0e0,public
hash_sha1,c5012da7a0588bf39f4666a83ce43e11f70eb655,public
hash_sha1,8b5f31b22ac158f488179c49e718043e6bef25ef,public
hash_sha1,8960070bcf368cb548f80756e22170836028897d,public
hash_sha1,05307d8af5bea87f5ec60aaadcdd7be5a0f2e3fd,public
hash_sha1,dcea1fdaa6621072fed6962e3461e18c22f7261d,public
hash_sha1,1b6704faf237f65c83e1856c1c5f6efa9ec0e9ab,public
hash_sha1,9dd491b1b2faa10419198cadc25d0b30d46acba2,public
hash_sha1,8b9873af85a6f4a5ab24d76dd97dc3fa83a53dd6,public
hash_sha1,b7ba4864a1aab4ba632c9c0fe1fcdc2fb0c268c8,public
hash_sha1,a9bd726a1c567cbf8be371de175298c2ba10b19b,public
hash_sha1,74de479293d9a47cce99c13f25e15103d40fbd0f,public
hash_sha1,59e3b10efec96f31c90a15d0b3cdb3c3a3474ed4,public
hash_sha1,5cf876f82760193d2d068f3c5e1a24c7138002b1,public
hash_sha1,bb5d7c3f23e1b5218f7a718f0a627cd0e897f39a,public
hash_sha1,9b9a438091a5647e4ceb336fea424a384756183e,public
hash_sha1,40b9aa9f98dc6073e04a56fd9d3596e4abefc596,public
hash_sha1,eab6be69fbc87987a64474f67c237c728d792a70,public
hash_sha1,1a510a951e0fc186b99e313d94ab6ab72a6cd9d0,public
hash_sha1,d8c0d20a17951f0b8a85c7cf5400d98841e17de6,public
hash_sha1,32547a2862896cb2f96ac23284fc5e979f0e2414,public
hash_sha1,fd1dd0aee3ccb7fabd751e8a3d3ba99c493391bd,public
hash_sha1,c8ae5c76dc5837e18736678e928357a575a28a9f,public
hash_sha1,a28500d7adbb44e9fb29cb64401077ccfa2725ea,public
hash_sha1,066b0294e11a90cfcb11dad16f3d5557712c7ebd,public
hash_sha1,68e74c4250af9845f3c193b74e91124f2888de50,public
hash_sha1,640376c96617c1845378137b7a1d9cb74928ba20,public
hash_sha1,933d64001fc0459dae8a0449e08c662c734a6f0b,public
hash_sha1,a87cbf0a4cefbce50aa699641df2b61a833bca97,public
hash_sha1,a28a7b4cd232a7935fdf9495b439a8d54ececbc6,public
hash_sha1,e7d43606eb9fa18f4996db691f2086541b9bd3f4,public
hash_sha1,9459764f29b525e068c890663c79ec7ef81e9496,public
hash_sha1,602a9c12e35b78e0608a163495b5bddb5c2dc0fe,public
hash_sha1,d36e5dd827d1b316e641a28bd4d1fb74b209d6f4,public
hash_sha1,711cfa0503a965e901a943798923bd5a181eda67,public
hash_sha1,4c6aaae6c2f7e6b34e72a35f19ba686a6df76660,public
hash_sha1,dc3c63c58f1f1fa2117b1657114b5d7e4c44c850,public
hash_sha1,d9f7f7f88fbc8094b721968d150af696913fa590,public
hash_sha1,953dc4903d8a08f21d0a7cf49f01a1fe9f219434,public
hash_sha1,18e323f15332a80e13037cf71fc632b4a7c79b27,public
hash_sha1,d3eaea409b77c9497adbf544563a2abb197f1d95,public
hash_sha1,ddbf3395f4d584e2a788b15061e85c2d17fb1509,public
hash_sha1,badf1b89443fc68e1369dd753eaeaac784e9df1b,public
hash_sha1,17b464cbf81e074aaed24eb87c02d567f56dcfce,public
hash_sha1,d02f0f2ea5c9b1c29e5f6aae4fa0677f99b03cde,public
hash_sha1,c68054201d511f2135750edaef49958b4587267f,public
hash_sha1,317c491606e651a49db9873aed3a25fe2d7b9d6f,public
hash_sha1,f1501a45e6ac7d1e95c8a6ef9f192583b6d91a56,public
hash_sha1,897513887c92230ff0244cd51cd8f29664df28a5,public
hash_sha1,f1a932205d020c521ea52de4159d5d340cdb7fcc,public
hash_sha1,0f2d98464cdaa2211a27977596c0c0652862302a,public
hash_sha1,784dac6eae8261e32152f667286dc38e53b1bbcd,public
hash_sha1,cc7371ec3fc1ad9a62cb246e5885f13edf5fdeca,public
hash_sha1,b64401062ed84bacab8d6de8d6865d05978cd713,public
hash_sha1,2eaf147ef0a371050f3f1cec559ab9d2862036ae,public
hash_sha1,a5e233a8801faec95d35a703c0ca701e95048b35,public
hash_sha1,48f74f6af4a5932945b41479c734560ace278999,public
hash_sha1,1f86a2dd3636c1b3f6754bc8ad760c1154a8eeee,public
hash_sha1,8820c2a858b73c91eb9567355dba4b6911bb2eed,public
hash_sha1,cd11335d66bed36e237b91ed2bc1b8ac0dc3c560,public
hash_sha1,d7e800c37d67d878149fc7a6fb1569a654f928e5,public
hash_sha1,35187a7ee832909f901a713be277bb636692f422,public
hash_sha1,31a8730a11fc6cbf1bbdd216d7053949e908c50f,public
hash_sha1,ffd87620395edb43ae3f51bc7b5852e575627721,public
hash_sha1,c9011fb8316e2cc639099643d42909aa32f5f85b,public
hash_sha1,b6003fe43666d12f190d51f5279c44c480dd63e6,public
hash_sha1,eb901ee6b02a6ce51786241e300a30f82eae6dc5,public
hash_sha1,4dc5ee4c3152541d892944c7599b81c8d6b1afd6,public
hash_sha1,c86e40c248604f06e220675de5ea0af17711fc66,public
hash_sha1,62092c345d57fe75256d0e2d1d0b694c8bc51bbf,public
hash_sha1,3ab7860deb3bde7a324c12cbbeb5532442f56709,public
hash_sha1,74c548516d344a18949b85daa130f312e35bb6ce,public
hash_sha1,e536300e48ce92cf82a153caccfdc5dc98f8a847,public
hash_sha1,5d52b179e5fca147958aec81a2b9d321ce5fd60d,public
hash_sha1,19fa34ce71349720cd9bda9ca3cb529bc31550c5,public
hash_sha1,7d6141ba73cefa92d86ea24cc8f6699b8035e29e,public
hash_sha1,567c818f028102701b31822817136b8af42f461b,public
hash_sha1,67c50e318598acccef483929398d27fecbde3c76,public
hash_sha1,2c4f2019fc348539c97d75edcedd811e79bf1288,public
hash_sha1,120e92669585a501b7676b3d4ca6239dd08c4f85,public
hash_sha1,30fc1482630d145d4bbd966ff1b8a61498694ca3,public
hash_sha1,91255a47be4f1a3bdee2646d82ca412087708cab,public
hash_sha1,f65a2f9c0276a4cce73cc0b95ebfebd05f2cc973,public
hash_sha1,dc9e84f92048b0aa78e0a17ae69708ee7aeee349,public
hash_sha1,c2f0cc5734af74e244ff7ac34ea45387d813a22d,public
hash_sha1,f1c23c1e76acbd07591e4708bc2f2768a9f754f2,public
hash_sha1,0490214387616c1265447752310136352545831e,public
hash_sha1,3c5b060c1a124123a7480cd57d9db98b52a638c3,public
hash_sha1,0c708c8b4d02903233ce1d3913353e4ab9e33ce9,public
hash_sha1,cab67ca4f2051efb640e5b73b5faea6c2b7af4a1,public
hash_sha1,382b2e158f2f6a2efc70513bf8c7879715bf908a,public
hash_sha1,932608d1ce4a27c9ee27ff94d68a0b511470eabb,public
hash_sha1,5998c5fad96b4a1b91ae490ad4902680ca15a311,public
hash_sha1,cfb5b91d5cd26eefa1bec6bf7f281d1f978d9b2f,public
hash_sha1,36817c28b5af8368412e1a64d2f0152a433d2ac4,public
hash_sha1,e2635f10661d8d085d803078a900d32f170ddf4b,public
hash_sha1,576fa07c3562822a92f20954693ad5e10db2375c,public
hash_sha1,0063c7524a71500459a9a66f906ab85146b440df,public
hash_sha1,6d934e3e5ba69ad11c985b7762a4d6c927fb3d98,public
hash_sha1,398bda76a8948d47b8bee4412bc5464cb08cd62a,public
hash_sha1,7faed5f3f91d69c9e75b102e43d00cbbfcb2e794,public
hash_sha1,345989a561fbde9bffe1bfbc5866f874fc9db923,public
hash_sha1,9d7217be91c6da2de9ebac80aa7f7234071697d4,public
hash_sha1,960aab3849afce2f6ab148cfdf8d37cb5e681f69,public
hash_sha1,0096cf6dd7d10755c76f66189b882b56d2d3bc0b,public
hash_sha1,7c96e8d4e0fbe8acedfc56cd08e2adb66afeeed8,public
hash_sha1,73233bfb4ee82584594ae8388c2201d6ed16eee6,public
hash_sha1,6f3726f245f371b35541eded21a1b0ee113311fb,public
hash_sha1,f40fb715a308ccd0b38bafd3fdc537b4e0dbd404,public
hash_sha1,885408eaba607eae0b325332e16597c95105a071,public
hash_sha1,e3f5f625c96b78c65361d4ce9997eb8fe269c7ba,public
hash_sha1,f0e85e8f6eae4967cad566908c6d5dacbbb41f2f,public
hash_sha1,1d96e59c100997baa323f34b0584231bac7e5c6b,public
hash_sha1,8df342eb91f9a325df8b6224af84019bf6cd1f6a,public
hash_sha1,12a2badfe08b09efbbe86052b5938ba9965fad39,public
hash_sha1,5694d8c0c8368ead7cece24e0ae37b754df467de,public
hash_sha1,a9af7a973c11192c6656a9a175102beb497051f5,public
hash_sha1,676be89a74e3bebde560fded35dabd0f8e00cd3b,public
hash_sha1,daa020b17b23a7d9f83048a626ea8398bedad195,public
hash_sha1,e210dab82f7709b9a01a2735ca88fdfd81f295d4,public
hash_sha1,85538b42f006e31ce802b5cc5fdb5000ecaf9998,public
hash_sha1,a33d081002d21fa5105203df68d82df5d1857977,public
hash_sha1,4d07d9859fa20c5f287d699ddbe0ba1762ecf728,public
hash_sha1,e1ebff1f43105fc3a3e3b005e16aecd5bf4f67be,public
hash_sha1,087e06ddade4a3a91292f550173f8470c49b5c36,public
hash_sha1,61a401e669a33cbd38ca717fda0e6bb86665e9bf,public
hash_sha1,aea3cb5108e29c7869890012d06a7396a8b29ec3,public
hash_sha1,3563ab863a9df12638c628b00c36ca2acee6e547,public
hash_sha1,c4a7f650aa3281fbb8c518eeb5254929e00a3651,public
hash_sha1,d93c8c3688745239be212f87df64edb7e2284910,public
hash_sha1,6f6b53f38e2e1880ed82810dc5fce39cdd942155,public
hash_sha1,4223c5eb6d4d8b757e8be054c56417611d47098e,public
hash_sha1,cc289cc72e44d3863d4d099bc1a597fec17821c2,public
hash_sha1,ef42322bb763f24d44c9594c43812aa18c99dfe3,public
hash_sha1,d64d6c775c37bf4c1a19c5ec9354f9caff435eaf,public
hash_sha1,93fe3f8a095b4d4000b95c8eecb029293bf6912f,public
hash_sha1,a4cf109edf9241d35ef736ee01b18b7490b6f52c,public
hash_sha1,6ff5d0a39979ea1f20f10128cfda5db2efcf78fb,public
hash_sha1,311bd20dc28b1db74b26e9ee6fb0b99fe401ec5a,public
hash_sha1,9c06ae302b7fa55d679857b4f327abb63b4d48d9,public
hash_sha1,320facebe79fcee01094aec1727a0584dd19728c,public
hash_sha1,ecbdcb3eeb7185ab8ed904fc07bb77a3457b7b67,public
hash_sha1,7f82d532cc23945265391d54097f9f480142c161,public
hash_sha1,12fa3f0c96ca52b114448cc5caa73d37af104bff,public
hash_sha1,0072122333af7439c26a1667df5205d4d65af1b2,public
hash_sha1,7e65df9d8bc61cc9698c79d5879f4b193cc7dfb1,public
hash_sha1,e71913b97f95d0ea503479bb43cd1178b3e33f10,public
hash_sha1,8c9e509a486a243910491fa789ea8897a5b12c09,public
hash_sha1,13fc4426a084e0046cdea50d6fa46af1d532b570,public
hash_sha1,cb45e25a49b4cd39f6d769d5c381701619707276,public
hash_sha1,c6a544ed98b9a84cd45e115248b1ae3af79f075d,public
hash_sha1,b624a8aa11fb92008a5d2833090735311b969877,public
hash_sha1,64ee393bc818f70708524859bc19401ee21b0013,public
hash_sha1,f8e63b6947d2032e75964bac2e7072c6da8f72db,public
hash_sha1,240bf4209c195b352661376736eb37c1848fc866,public
hash_sha1,87e624c96b4e113bbeddb7c251687d614f70e8c3,public
hash_sha1,7d7f924bc9eeafea04c11d49a2903ecf84eaebbb,public
hash_sha1,f563abf96e6839d229feee7fe3f7505e8671252b,public
hash_sha1,bd839fe0b70def1c8ac7b6f3c9d6e8be16d6ddc0,public
hash_sha1,647c831e11d264b78028e422e40d86bd8ce780de,public
hash_sha1,f131a88cdfc93b2cd3e0731b0b6583a7326f1e19,public
hash_sha1,a92eafa302c3b910196fabc7387ac1bf01df1ad7,public
hash_sha1,22d7593d921a31bb662a81a99dab6dcb97af2c57,public
hash_sha1,64a415ff23f6388ab9c3b9487841303c6bf38ede,public
hash_sha1,b146a5c835f456b85f4c4b05003bee82deb2d4b5,public
hash_sha1,026e4b7da1f1cee9ad99cb0fd6a1d255fe2b17a3,public
hash_sha1,d1ebfcb06fbab215f80a7689b99d880270f88cf5,public
hash_sha1,f1c163880151c3999cf23c2e39ad228ac71d503d,public
hash_sha1,1751fe471fe83e2ea704f227077ca0fd4b339858,public
hash_sha1,71438f3f4e66f8a8e63a4009b39dfd62ceb1ee99,public
hash_sha1,a76e27340d18fa060f0ad2fb6356cdb33c0a517e,public
hash_sha1,90a6096f7c835adcaa6fd55a46d86a39c2d23e04,public
hash_sha1,4df5a8002dc1f264f5403f4ae8846f5a9de3fa03,public
hash_sha1,389ecdcdc731e939261a597f11026b7ee216c77f,public
hash_sha1,e39aa69f9fb9a072988e045c8b8e69f3adcb8bd2,public
hash_sha1,fc9809b849ac8827de7268186c125203b48eaabf,public
hash_sha1,1abffe88070892b714cbd9b52903ede4b7f51301,public
hash_sha1,d42991857e0d782ce3b8cdc43ee2482e96b5884c,public
hash_sha1,db10e35377f42be2016c15ed6caf95295f34aed0,public
hash_sha1,90b442685ac930390102205534b9b15cc25f2d06,public
hash_sha1,e21082f89587b00ade4af8eaf248989f25b1ddfc,public
hash_sha1,996e65e1b433acace71844e61707068cad2e48dd,public
hash_sha1,fa3d04c908bf3bf1e36485a8e9d4e901d9e5a57e,public
hash_sha1,ccb7989988f61539928bc49637ec5aa76d350cb3,public
hash_sha1,177bee8c32779d3df154f52aa60ae32c65abfa53,public
hash_sha1,34523ccc99f97688db11eac7ede7f998c5998d5b,public
hash_sha1,4fd67072517195ee728a17533b065a0e9ad8150b,public
hash_sha1,d4c71b45ffe55cb8c83a34af47c768c31c528a89,public
hash_sha1,8be68bfc0d8ea36f5a091c8bb3bac0396dbde3de,public
hash_sha1,ac411d816215ea980a8e0375ec34bbaf9456eed7,public
hash_sha1,003ffad46ad3bca7f00252adee39f8f32345bd43,public
hash_sha1,ee07b0ce5c042c9b01e165a3ae18de80fbf1cd43,public
hash_sha1,3dc768eeb76b49a2d7064b72adca5822b486285e,public
hash_sha1,110a6c4f5d41aee757d77aa19aa9a689ab754cdf,public
hash_sha1,b745835142c52bfcc17cc7d937fead39a7196eeb,public
hash_sha1,4c1dd52439bc643280124a1987ec0aea9cdfbe06,public
hash_sha1,ed903aff92a236dc366fad99111280a8370a35df,public
hash_sha1,06cd5c05d0f744d759daaf47d532093f3f181406,public
hash_sha1,529a4a783d464070f6b6401bb3baf1535fee345d,public
hash_sha1,360e336ab65f10b537f93faac185345ea907e678,public
hash_sha1,e0ac565baadd1f2a34b672549029b0fea57fe253,public
hash_sha1,2a6d6b4fcf5e5b6f23b1c0ec9c5f2dd522aaa787,public
hash_sha1,6c88f2f424d0a36cd9d63e399f3985f7d56600a4,public
hash_sha1,e3f52214176578a1b7b45b4f7091692a302402f8,public
hash_sha1,e2eb2cbd7a5088de3fba370a9adc9ae08cc6cf1c,public
hash_sha1,0080fa150e875fe5a1c680e79267af73afb5fb95,public
hash_sha1,ac9b23db8bac7ce84d507b73628818814a6fe24c,public
hash_sha1,b95d8b582445b8c2b9aa62329fde4ca6ed7fbd0e,public
hash_sha1,a1a3451d41b4d7e46080ed4ead5a2270cf8c434a,public
hash_sha1,308a65f72791b5082369dbc52faa70281b24668b,public
hash_sha1,845a1e93818f8860ece4c9da82884009b159921c,public
hash_sha1,d1c4c5d62cb29b32918227c6def85f4867392919,public
hash_sha1,0c9b280e183cbf5276dc6b9650ea3fdd93fe2123,public
hash_sha1,5b6457cd206d7e5154886a877d5c330ca4d01b4b,public
hash_sha1,7506b6c4d77b1338a5d489a6fae6c0f1f29460ea,public
hash_sha1,3423b65bb0763ab6f7f739f732d44e014fc38e19,public
hash_sha1,a3c6ec9670b239f7f69e41b99adc72f9a8894495,public
hash_sha1,fadc68277f3ac40f5f85eb4c6b66f0dc282f488d,public
hash_sha1,e97cb399689e7d889312955896f6a4e3fc1d092e,public
hash_sha1,403ef6e62c8f8803aae156898a1167f8b9085b53,public
hash_sha1,7951f1906b56a4efa93df963fc6d84c4a9704452,public
hash_sha1,5acc34cf4df6235952c5dd0c5fefefab27ce5590,public
hash_sha1,310a7ab4c3fc611e7dd3228b37052a841ff494d6,public
hash_sha1,cee131c1972396e0f0b2bd39c49d41a0806e2409,public
hash_sha1,b197cfd9bfbb94ffdf3dc2ac26cfd987ba66ae1c,public
hash_sha1,7a1de8b9591a6920f980c7662ff9949642b4d0d4,public
hash_sha1,d5d59f23fb67853a7636a6798d5fa245733c00bf,public
hash_sha1,f2a9ee21332231fa20238ee0f13fc139266f09f5,public
hash_sha1,401831d474a9597445ace62baa3b656bca97417d,public
hash_sha1,b9693e359149d8d85184f00dea3aadac74aa491f,public
hash_sha1,ea8bc17d3aca38a1deb1968a16ed64c52f331f54,public
hash_sha1,33a7132f70ace01638b8ee61b68815376e56f005,public
hash_sha1,934de881ec1be63301a8fd64ec761cc0a41c2ba5,public
hash_sha1,03225c19bee852cbc8e60424f8e63914119ce40b,public
hash_sha1,fa5ff4155006cf4baee347b20c448e1f4fbffbfc,public
hash_sha1,90f59eaa4385641055b328fd2b0b5ab8d310301f,public
hash_sha1,a3ab92d9dd7c337696d540d29e4ad82c472c3a4f,public
hash_sha1,19361ef0716b83d0ae88878fbb29dfaf7e64efbc,public
hash_sha1,90fb283db12bcd6d4ead5f23b49b660fe060d451,public
hash_sha1,d923da975d139aaa665f35b8feacbe6efead4dca,public
hash_sha1,3b7e58ab4a089f530c5d07de8cbdbf28645df51b,public
hash_sha1,b1fb89ed6bd2d5e0f8c1958c080eb47ff2e6c01b,public
hash_sha1,97dd6150e9390a09ba561bebb719d10cf153b753,public
hash_sha1,3038d9666d04549cd391e3eb7e6012c5a411ea91,public
hash_sha1,2095e7fa04d2017a4d03b14b2a4a978c076772e4,public
hash_sha1,8b547b4d81002e1fea9609e479ca9d960bdaf4fe,public
hash_sha1,ef80174f5a81973555605cbf1b9b5082727df347,public
hash_sha1,3f6ad78b44f30e9f61d0a69251e709e5f4a02954,public
hash_sha1,83352fb0f053fad895c79b42ad6d3cf62dd17e06,public
hash_sha1,778f311c19e6cb93ce739b8b64cbdd530355d52e,public
hash_sha1,62649977353e0dc5701c2f64344f450a12cb7484,public
hash_sha1,f25529f414e59e4e90cc74b7e2f48575205e6d4b,public
hash_sha1,91af64987e656a34c42438e8e1bb40cc1b7f4508,public
hash_sha1,06db2f70510bd4be0a07f94a6b72892c8aef2cdc,public
hash_sha1,8191b7a4f9710e20a270fc07769a7aea5fc194b2,public
hash_sha1,dc9758c76a361fe4a17d0cd51c9f8e5510f68cd5,public
hash_sha1,3d5425b61125c257b30d021673cd61132c2b18c9,public
hash_sha1,118ef85bd41f226651811314a17fb7ffba1e89fd,public
hash_sha1,a21ea668986d01115824e61442308842ad4e3352,public
hash_sha1,78f3a5b3d43d9d7037d3819cb338084fe4445539,public
hash_sha1,b6501d1eac8e9e9faa7d54cab6058bdb1072e682,public
hash_sha1,2d85a99dccfd2814b3708511dc20039d62dde41a,public
hash_sha1,f2a4f0000a32ce1ef2c1e812770bc7c300ac551b,public
hash_sha1,a99abc7faa2a12bc661af4a75d772068ed26d1a8,public
hash_sha1,cdecc1d75cc5f9f03c7b6c0d96fe0ca1476ee049,public
hash_sha1,527b3bbcbb86e88a2f51199bc21e12aec19bbb62,public
hash_sha1,9fa8eaa98cd9cb7407f1f368a9f2acd133e1e1d8,public
hash_sha1,1eb92906219550b13517ff254cc38c81e9cf5f2e,public
hash_sha1,210204bb7b25cef1a9ebe99f7215f2eeff2e5824,public
hash_sha1,d43347437dd29a3cae7bc1444a86d3c9cad281ec,public
hash_sha1,4331d9d2fa8eda602d6d03146d04d5afe22e916e,public
hash_sha1,13af3719a7dabcb5b4a694a172a52cb14df19a2d,public
hash_sha1,5a7b8aa05b0a291b1fbe99d499ccc63b8aa71b79,public
hash_sha1,60358631cd4fb8b529814623c09524ca8664105a,public
hash_sha1,a6f0ac3737e30f477d9466aab217e9925f3246ce,public
hash_sha1,13f4230e8fad87054239f365636c85ff8656236b,public
hash_sha1,e992e5249e12cc80b8375c079315b1c486a13d90,public
hash_sha1,659820cbbcc8423a61db462dfe64ca30a9176203,public
hash_sha1,47a73e73050a8883ff08568df024cbe3e2d6b639,public
hash_sha1,e2f8fddc8c17d4535218231b12626610d69b67aa,public
hash_sha1,fab6e4df7b80943ae29bb7b4edd003470da6627e,public
hash_sha1,9094b2c603f4ed27c43c5dd43aa88042dd869838,public
hash_sha1,5906e25493da68038fbb9d4325d46e2994d75d64,public
hash_sha1,c1fe9ce3cd6cacab31a8667294dca65faa0f3329,public
hash_sha1,83ddf0bc25c6e88d45704fbc813761fca4179193,public
hash_sha1,7d9b1f7f4f481aba7a6a469a9297b716c62f99be,public
hash_sha1,10788351b07d79534c26ecf23b21448476c38bb9,public
hash_sha1,37a6b73233b03a6eee735cb39122f677b783d23f,public
hash_sha1,1b15ec68abb696117242013e543bf21c991bbff9,public
hash_sha1,1fca43f86a0a4c1697982c4659565b6532d2fecf,public
hash_sha1,614ddebdf1fd288070c2275c70b989348879feae,public
hash_sha1,7c613b0a9a0d3a004f567fc90da4ae472f6c736b,public
hash_sha1,571549715b590510f535fcb3e82920888295bc52,public
hash_sha1,a12e996d90f783e67ca0b1a83eea0db2f099d003,public
hash_sha1,b0fec9e0e1855df3f154f021489848087b5f8762,public
hash_sha1,893f7d22e9e2a9f50ae583522bcace960a706a04,public
hash_sha1,66e20f881eb94efdc0958ffb5569741b5fee510b,public
hash_sha1,4e5e70b023b5d8f0983ba69d2fa2788b86df6d54,public
hash_sha1,e3c0ce021261404a8808ff414013f3fa710fb36d,public
hash_sha1,8b88d5346ba09eb39b708ef0026790ee015b2fe6,public
hash_sha1,6bc95c243a33da1ff9ef09ba518da1ee58e44ff4,public
hash_sha1,82600ebc40dae8ac100e4611738e30d8f99cd352,public
hash_sha1,d04365647522fa3f5f4e4279dad1666b442812e2,public
hash_sha1,bb89a120088691e2bd055678ed5c4ccb9a0c924f,public
hash_sha1,db4428be64a256f77f82f58237b416ba3ca0f16c,public
hash_sha1,30c772252f31bc9d44dfa430a4476f3a2022e895,public
hash_sha1,21357b8d7070e494770dc1893690cb997f740f64,public
hash_sha1,a9990a5a9c470b631522f2d5916446c4bac85ed3,public
hash_sha1,795f4a1625f49b754da8ecf8ca7ee374d203f435,public
hash_sha1,98b48eb833fa7c4efd2e5614ea8eee707d6a0a9f,public
hash_sha1,22a00ac7a42f013e2cac82cf4a873dc6b064ae48,public
hash_sha1,c30927317377e66447b94ab5fbebb222123cf7e8,public
hash_sha1,5b8857a6b61b9525aac325e4b3a79c3244005633,public
hash_sha1,7b61753a2103e7f64318a3e707feb3bbb36d92a1,public
hash_sha1,68a6d3c07d849ad799f25e2b0c6bc08718d23f99,public
hash_sha1,741c2c511901178f4c4272fcfcaf00cf00b7c8be,public
hash_sha1,97df17665971e350f672c908043265ff72c9027d,public
hash_sha1,c796d3f742f08fd89f052c9ce0371665ff23cd1c,public
hash_sha1,c85966a482146b1d3d9e92d2e08d2e4ea8be643b,public
hash_sha1,f0170c1b821dcbb0daaa8bcdbd794d9e89331e19,public
hash_sha1,b582920e855e1e2c6ada833b9bc847fa71b705ec,public
hash_sha1,a0aade7704bf7fe660823a61705dfda12734da2e,public
hash_sha1,fcb8efa44585cb1108f96b2161005a2a61491ca1,public
hash_sha1,484b9545aa4425d31b9063d84df6754410215198,public
hash_sha1,852391435a52bb19b5e008d0306e6113f5c178c8,public
hash_sha1,15600f4ed3aeed95cdfa3a0722555a4e6c1aade5,public
hash_sha1,258baa048dbaa7ca2b6e795eaea231d4ae701afc,public
hash_sha1,6c28175816158ec4d2baecffad3deb786ff86581,public
hash_sha1,99883d3c767c292a3c71f7bb0ae8bcd2e558c571,public
hash_sha1,d0af49cbe1564999993f78611357780d5ee52f43,public
hash_sha1,2548941c5f9b6b9136cc13983bfa7a67cd6ed6ef,public
hash_sha1,61217d6a1b8d58b28a5bfe811aefeed96fccd446,public
hash_sha1,35d1b0e71c952dea1825e5533828d69637b5d30e,public
hash_sha1,ebb9d53e562fdf659ee2f4aeefbc428de15b81c8,public
hash_sha1,10e0c7a70c43192e328efb49b32022386e0153c9,public
hash_sha1,255d1c45b8c6617da82036d6d2671635b7b5b4e3,public
hash_sha1,88cfd1228ea1c8a22ced8b103c4e55c284f6225b,public
hash_sha1,c7a9213783333353d635e9949705294bb2662c38,public
hash_sha1,58cf961afe349338d25ed0eb610310d02a2a1bd3,public
hash_sha1,254071afdb95e945a2098fe598ad972edea624a6,public
hash_sha1,ba60d4d997dd7367fa3490d1a39cf40ff2733504,public
hash_sha1,8d33988a9f1c404c757b9bd474a1dc9e632d0882,public
hash_sha1,6bc7f46b3bdb3021d57782f27028030d95b5ce38,public
hash_sha1,930719f947239b5ddf61ca30ed5583ace8b95ede,public
hash_sha1,af797c0a93b635e0fa17b5d6b08038fa4cd2db16,public
hash_sha1,ec45aaf47ec08f52fad9b6ef12f5edcbe4fd192f,public
hash_sha1,bcf8527ac58d7409c7330c617330cc136eb819f1,public
hash_sha1,79d8b13567743aa842225f1d4a1a91fe3a1f3af8,public
hash_sha1,038aea646659592778a4ea13b3dcab6e1f3ca32d,public
hash_sha1,877569099a6509ace5e120c0109b5da7f7a2282f,public
hash_sha1,27ae0e090fb441ef2da0e955f66c4f434f1368a7,public
hash_sha1,0ed8d9cad44182c5e0867c105fb1dcb4b559a87f,public
hash_sha1,70e30ebb44489fca86d9ddc6f85c3cbb54f3bbbc,public
hash_sha1,f1db81c622e9264c7808010fd2eaa585f8766335,public
hash_sha1,99db340e5444f15bcafe0888122e12776ee353be,public
hash_sha1,331c874a34747ac27a0caa5469474f552b0189f3,public
hash_sha1,899c7632dfc1db4917416ab42a3b66c220728b20,public
hash_sha1,72267aeedf6b55d33828c9c427b6d60b653234c3,public
hash_sha1,9b692a370e896ba9bc83ddc511a0d01b10f6f762,public
hash_sha1,c57cd0483d3a20e03fe7f57c07860b9747630b03,public
hash_sha1,8019f319be2c516167afd1795d7fcbc269d78d3c,public
hash_sha1,8e059a33acc38c95ae04fc237768846fd078414e,public
hash_sha1,b31434328c863e8dc8d42f4bdf069e3f650eb6c3,public
hash_sha1,7c3f18336c544d1f2d47e97a656f3dba966e6867,public
hash_sha1,1179d7cfe38ff56c2f15da05d011fbde570836a2,public
hash_sha1,7a195b698e4e3991a831a6a38b13d7b511a4dc6a,public
hash_sha1,e2ab507b2a75574e9fb7171ec53a3418a871a394,public
hash_sha1,e88292b5adeec4c0dbc6caa0a70d56d133c01bae,public
hash_sha1,921560c36ed8bcc19dfc26ae374b4a082655df4b,public
hash_sha1,d385420441b61bf3b3aaea54a884f3c3c61ad15d,public
hash_sha1,8b11e3327603c6278cb70a197f0b6fdbb303caf2,public
hash_sha1,8ebbcc58c6baa87e0eb57a03d8edcdc157dbd54d,public
hash_sha1,ebb041ecd6f6ab3646e795411fb652a994b2dc6b,public
hash_sha1,4914ba4587d0088e9e2996c0d0d8bb76f6a593c2,public
hash_sha1,55d53b1ee867442c29f20ada314eb648087a374a,public
hash_sha1,b765575a0d34cff491ae0e016d04eebdc3ffce7a,public
hash_sha1,8b2b747b39eaa71ceebcc68426f5d838241921af,public
hash_sha1,4b964223e409cd5312080ad6a90dee4329ab49c7,public
hash_sha1,f6986376a29a90f4bb6b90b3777600a2df4584d5,public
hash_sha1,2ad2c5427505ec7d55d1d0b84bdad4e0a4fea891,public
hash_sha1,e7b148b48053169eda1b23c0c6d57b0dabea9b5c,public
hash_sha1,80275d7060576fac6821958f24694fe3c005fa44,public
hash_sha1,4b4911c935302f53d62235211bce619344a491bb,public
hash_sha1,2d1b328a40194b845eff2a29d7f31b739f7ccda4,public
hash_sha1,ea9004f4899ab0e2901d0c364846f248a47145ef,public
hash_sha1,22c44c094a98b64d29930c6fefd867a69d6ade5e,public
hash_sha1,7c69a1c4de24b1f7b190dd687846728208893add,public
hash_sha1,9a6e5ee369e290431b4ff21846ba00ccb81f6a18,public
hash_sha1,a851ad4b604b40c4068168fbf7b9d28871587939,public
hash_sha1,f1b307ea45f9c24999c0f53f5b7d75fa7bdd3b38,public
hash_sha1,8aa765b4ea7e729a4239815b007451a411bada99,public
hash_sha1,11bb2605eae883e823e879ba94fde4cc9f06f5b1,public
hash_sha1,38e3468f6289792ee85ce7312ab2a34245511d9d,public
hash_sha1,90f6d0895a3e68ba9bfabbe4df289f5b77754909,public
hash_sha1,9bf751dee1a98367ff8b5bacc38f2be9d6d26cbc,public
hash_sha1,f72fc20a87bfedc7e6ec6cd6af7184ed21dc67ee,public
hash_sha1,6471fb6afe014f7e4ea7f47eb3208648f629e550,public
hash_sha1,d49ade09ffd491968adeff938e5785afb426792e,public
hash_sha1,09d8c076916cba746ceae5bbf43b5891b3fab85c,public
hash_sha1,e7eeee0a33bfd685fecc0a3020e2af9755447b12,public
hash_sha1,7299b1adfe9f49d9f9caa14e8765c9ffe7cdd35b,public
hash_sha1,757255f78f024ef955de52d63156a56e0a91398b,public
hash_sha1,8649b99dd099a48c433f9f3eaafa4f7a70d01816,public
hash_sha1,1d37200f4644190a94df00cfec8c48bce74691ba,public
hash_sha1,546d6a18e2f8b4a7229a25afc0c6bb22df008715,public
hash_sha1,931b4da27e51406a0b49fd547b219dbaf69f3351,public
